{"schemaVersion":"1.0","appDefinitionTemplate":{"id":"/providers/Microsoft.PowerApps/apps/","type":"Microsoft.PowerApps/apps","tags":{"minimumRequiredApiVersion":"2.2.0"},"properties":{"appVersion":"2019-11-30T15:53:26Z","lifeCycleId":"Published","createdByClientVersion":{"major":3,"minor":19111,"build":33,"revision":0,"majorRevision":0,"minorRevision":0},"minClientVersion":{"major":3,"minor":19111,"build":33,"revision":0,"majorRevision":0,"minorRevision":0},"backgroundColor":"rgba(175, 229, 178, 1)","backgroundImageUri":"/14799181765339742037/Ndb349240-bd68-4a18-be7e-9eb316bf4e5c-logoSmallFile","displayName":"SeattleCulturalSpaces","description":"This application is used as a demo for the #12 Seattle PowerAppers Meetup Group. https://www.meetup.com/Seattle-PowerAppers/events/266327465/","commitMessage":"","appUris":{"documentUri":{"value":"/14799181765339742037/Naaf94385-8b18-4416-8ac2-3173daba35f3-document.msapp","readonlyValue":"/14799181765339742037/Naaf94385-8b18-4416-8ac2-3173daba35f3-document.msapp"},"imageUris":[]},"createdTime":"0001-01-01T00:00:00Z","lastModifiedTime":"0001-01-01T00:00:00Z","sharedGroupsCount":0,"sharedUsersCount":0,"icons":{"smallIconUri":"/14799181765339742037/Nf6201203-5455-4870-a885-1bc26ca4823b-small.png","mediumIconUri":"/14799181765339742037/N96342cae-9c6b-49be-a619-ad44cf01f048-medium.png","largeIconUri":"/14799181765339742037/N9ec1cf5f-41f9-4777-acf2-24a5142f1bc3-large.png","wideIconUri":"/14799181765339742037/Nf1e60fec-1aa0-4240-8392-e2cf12f33b2d-wide.png"},"connectionReferences":{"55131688-9405-44ac-9987-ebd0ada344e7":{"id":"fb991859-bd66-4ed1-81ac-069e7696910e","displayName":"SeattleCulturalSpaces","iconUri":"https://az787822.vo.msecnd.net/defaulticons/api-dedicated.png","dataSources":["SeattleCulturalSpaces"],"dependencies":[],"dependents":[],"parameterHints":{},"isOnPremiseConnection":false,"bypassConsent":false,"dataSets":{},"apiTier":"Standard","isCustomApiConnection":true},"8cb09f53-8a2f-4f3d-86e7-981f39bae8d4":{"id":"e92121d2-d771-41b8-92c1-a899cefe7f12","displayName":"GitHub","iconUri":"https://connectoricons-prod.azureedge.net/github/icon_1.0.1284.1763.png","dataSources":["GitHub"],"dependencies":[],"dependents":[],"parameterHints":{},"isOnPremiseConnection":false,"bypassConsent":false,"dataSets":{},"apiTier":"Standard","isCustomApiConnection":false},"5d55732d-0ef1-4e83-976d-7984ec45825e":{"id":"b1891d76-c12e-4b1f-a21d-aa10e117b6db","displayName":"Office 365 Outlook","iconUri":"https://connectoricons-prod.azureedge.net/office365/icon_1.0.1280.1753.png","dataSources":["Office365Outlook"],"dependencies":[],"dependents":[],"parameterHints":{},"isOnPremiseConnection":false,"bypassConsent":false,"dataSets":{},"apiTier":"Standard","isCustomApiConnection":false},"e56e50ad-68e9-480f-bc9e-cb26a1f72ad4":{"id":"fa65b532-b231-4bbe-891a-d2f4ed924e8a","displayName":"Office 365 Users","iconUri":"https://connectoricons-prod.azureedge.net/office365users/icon_1.0.1258.1715.png","dataSources":["Office365Users"],"dependencies":[],"dependents":[],"parameterHints":{},"isOnPremiseConnection":false,"bypassConsent":false,"dataSets":{},"apiTier":"Standard","isCustomApiConnection":false},"2300b2fb-c8e5-4a18-afff-e10876b22270":{"id":"128515ea-2422-4d08-a7e8-9dd3a39a95d3","displayName":"SharePoint","iconUri":"https://connectoricons-prod.azureedge.net/sharepointonline/icon_1.0.1278.1753.png","dataSources":["PA_TELEMETRY","DEV_RESPONSIVENESS"],"dependencies":[],"dependents":[],"parameterHints":{},"isOnPremiseConnection":false,"bypassConsent":false,"dataSets":{"https://westseattle.sharepoint.com/":{"dataSources":{"PA_TELEMETRY":{"tableName":"82f7f326-72a2-418a-a875-3de3566d053c"},"DEV_RESPONSIVENESS":{"tableName":"79d332db-b818-4d98-a464-d46c1c41debf"}}}},"apiTier":"Standard","isCustomApiConnection":false},"bcc51d0a-cfa2-4549-b2bd-44d0481301fd":{"id":"e2876da8-3184-4440-ba57-25c8e07a22cf","displayName":"Microsoft Teams","iconUri":"https://connectoricons-prod.azureedge.net/teams/icon_1.0.1284.1763.png","dataSources":["MicrosoftTeams"],"dependencies":[],"dependents":[],"parameterHints":{},"isOnPremiseConnection":false,"bypassConsent":false,"dataSets":{},"apiTier":"Standard","isCustomApiConnection":false},"dfd59270-5513-4918-867a-72df84bd3a86":{"id":"8ac1eaa8-6314-4184-8ba7-7b7927398fa0","displayName":"AzureMapsAPIs","iconUri":"https://az787822.vo.msecnd.net/defaulticons/api-dedicated.png","dataSources":["azureMapTimezone"],"dependencies":[],"dependents":[],"parameterHints":{},"isOnPremiseConnection":false,"bypassConsent":false,"dataSets":{},"apiTier":"Standard","isCustomApiConnection":true}},"databaseReferences":{},"almMode":"Environment","performanceOptimizationEnabled":false,"canConsumeAppPass":true},"isAppComponentLibrary":false,"appComponents":[]}}