{"name":"cc8f2e91-914b-45c6-9092-dda5d3eaa1c2","id":"/providers/Microsoft.Flow/flows/cc8f2e91-914b-45c6-9092-dda5d3eaa1c2","type":"Microsoft.Flow/flows","properties":{"apiId":"/providers/Microsoft.PowerApps/apis/shared_logicflows","displayName":"CREATE_SP_LIST - 2","definition":{"metadata":{"workflowEntityId":null,"creator":{"id":"a81da4cb-352f-43f3-8ae9-cec7975c190f","type":"User","tenantId":"422abb46-3ba6-4393-b6de-b9ef0c5bd3a8"},"provisioningMethod":"FromDefinition","failureAlertSubscription":true,"clientLastModifiedTime":"2019-10-16T05:03:53.5766292Z"},"$schema":"https://schema.management.azure.com/providers/Microsoft.Logic/schemas/2016-06-01/workflowdefinition.json#","contentVersion":"1.0.0.0","parameters":{"$connections":{"defaultValue":{},"type":"Object"},"$authentication":{"defaultValue":{},"type":"SecureObject"}},"triggers":{"manual":{"type":"Request","kind":"Button","inputs":{"schema":{"type":"object","properties":{"text":{"title":"Table Name","type":"string","x-ms-dynamically-added":true,"description":"Please enter your input","x-ms-content-hint":"TEXT"},"text_1":{"title":"Table Description","type":"string","x-ms-dynamically-added":true,"description":"Please enter your input","x-ms-content-hint":"TEXT"},"text_2":{"title":"Column 1 Name","type":"string","x-ms-dynamically-added":true,"description":"Please enter your input","x-ms-content-hint":"TEXT"},"text_3":{"title":"Column 1 Type","type":"string","x-ms-dynamically-added":true,"description":"Please select one","enum":["Single line of text","Multi-line text","Date","Person","Number","Boolean"],"x-ms-content-hint":"TEXT"},"text_4":{"title":"Column 2 Name","type":"string","x-ms-dynamically-added":true,"description":"Please enter your input","x-ms-content-hint":"TEXT"},"text_5":{"title":"Column 2 Type","type":"string","x-ms-dynamically-added":true,"description":"Please select one","enum":["Single line of text","Multi-line text","Date","Person","Number","Boolean"],"x-ms-content-hint":"TEXT"}},"required":["text","text_1","text_2","text_3","text_4","text_5"]}}}},"actions":{"Initialize_varTableName":{"runAfter":{},"type":"InitializeVariable","inputs":{"variables":[{"name":"varTableName","type":"String","value":"@triggerBody()['text']"}]}},"Initialize_varTableDesc":{"runAfter":{"Initialize_varTableName":["Succeeded"]},"type":"InitializeVariable","inputs":{"variables":[{"name":"varTableDesc","type":"String","value":"@triggerBody()['text_1']"}]}},"Create_new_Sharepoint_list":{"runAfter":{"Create_column_array":["Succeeded"]},"metadata":{"flowSystemMetadata":{"swaggerOperationId":"HttpRequest"}},"type":"ApiConnection","inputs":{"host":{"connection":{"name":"@json(decodeBase64(triggerOutputs().headers['X-MS-APIM-Tokens']))['$connections']['shared_sharepointonline']['connectionId']"},"api":{"runtimeUrl":"https://unitedstates-002.azure-apim.net/apim/sharepointonline"}},"method":"post","body":{"method":"POST","uri":"_api/web/lists/","headers":{"content-type":"application/json;odata=verbose"},"body":"{ \n    '__metadata': { 'type': 'SP.List' }, \n    'AllowContentTypes': true,\n    'BaseTemplate': 100,\n    'ContentTypesEnabled': true, \n    'Description': '@{variables('varTableDesc')}', \n    'Title': '@{variables('varTableName')}'\n}"},"path":"/datasets/@{encodeURIComponent(encodeURIComponent('https://powerappers.sharepoint.com/'))}/httprequest","authentication":{"type":"Raw","value":"@json(decodeBase64(triggerOutputs().headers['X-MS-APIM-Tokens']))['$ConnectionKey']"}}},"Create_column_array":{"runAfter":{"Initialize_varURI":["Succeeded"]},"type":"Compose","inputs":[{"fieldName":"@triggerBody()['text_2']","fieldType":"@if(equals(triggerBody()['text_3'], 'Single line of text'),2,\nif(equals(triggerBody()['text_3'], 'Multi-line text'),3,\nif(equals(triggerBody()['text_3'], 'Date'),4,\nif(equals(triggerBody()['text_3'], 'Person'),20,\nif(equals(triggerBody()['text_3'], 'Number'),1,\nif(equals(triggerBody()['text_3'], 'Boolean'),8,0))))))"},{"fieldName":"@triggerBody()['text_4']","fieldType":"@if(equals(triggerBody()['text_5'], 'Single line of text'),2,\nif(equals(triggerBody()['text_5'], 'Multi-line text'),3,\nif(equals(triggerBody()['text_5'], 'Date'),4,\nif(equals(triggerBody()['text_5'], 'Person'),20,\nif(equals(triggerBody()['text_5'], 'Number'),1,\nif(equals(triggerBody()['text_5'], 'Boolean'),8,0))))))"}]},"Initialize_varURI":{"runAfter":{"Initialize_varTableDesc":["Succeeded"]},"type":"InitializeVariable","inputs":{"variables":[{"name":"varURI","type":"String","value":"_api/web/lists/GetByTitle('@{variables('varTableName')}')"}]}},"Apply_to_each":{"foreach":"@outputs('Create_column_array')","actions":{"Send_an_HTTP_request_to_SharePoint":{"runAfter":{},"metadata":{"flowSystemMetadata":{"swaggerOperationId":"HttpRequest"}},"type":"ApiConnection","inputs":{"host":{"connection":{"name":"@json(decodeBase64(triggerOutputs().headers['X-MS-APIM-Tokens']))['$connections']['shared_sharepointonline']['connectionId']"},"api":{"runtimeUrl":"https://unitedstates-002.azure-apim.net/apim/sharepointonline"}},"method":"post","body":{"method":"POST","uri":"@{variables('varURI')}/Fields","headers":{"content-type:":"\"application/json;odata=verbose\"","accept:":"\"application/json;odata=verbose\""},"body":"{\n  'Title': '@{items('Apply_to_each')?['fieldName']}',\n  'FieldTypeKind': @{items('Apply_to_each')?['fieldType']}\n}"},"path":"/datasets/@{encodeURIComponent(encodeURIComponent('https://powerappers.sharepoint.com/'))}/httprequest","authentication":{"type":"Raw","value":"@json(decodeBase64(triggerOutputs().headers['X-MS-APIM-Tokens']))['$ConnectionKey']"}}}},"runAfter":{"Create_new_Sharepoint_list":["Succeeded"]},"type":"Foreach"}},"outputs":{}},"connectionReferences":{"shared_sharepointonline":{"connectionName":"shared-sharepointonl-4cedde29-4b7f-40e3-8021-c5064169bcad","source":"Invoker","id":"/providers/Microsoft.PowerApps/apis/shared_sharepointonline","tier":"NotSpecified"}},"flowFailureAlertSubscribed":false}}