{"schemaVersion":"1.0","appDefinitionTemplate":{"id":"/providers/Microsoft.PowerApps/apps/","type":"Microsoft.PowerApps/apps","tags":{"minimumRequiredApiVersion":"2.2.0"},"properties":{"appVersion":"2019-09-21T06:26:06Z","lifeCycleId":"Published","createdByClientVersion":{"major":3,"minor":19092,"build":12,"revision":0,"majorRevision":0,"minorRevision":0},"minClientVersion":{"major":3,"minor":19092,"build":12,"revision":0,"majorRevision":0,"minorRevision":0},"backgroundColor":"rgba(0, 176, 240, 1)","backgroundImageUri":"/1035049718174928123/N5a8fa6eb-4170-4a1c-83da-deb931fdd1f7-logoSmallFile","displayName":"AI_BUILDER_MEETUP","description":"","commitMessage":"","appUris":{"documentUri":{"value":"/1035049718174928123/Ndae541ee-1dc4-4bc6-805a-ce51e5e5d8af-document.msapp","readonlyValue":"/1035049718174928123/Ndae541ee-1dc4-4bc6-805a-ce51e5e5d8af-document.msapp"},"imageUris":[]},"createdTime":"0001-01-01T00:00:00Z","lastModifiedTime":"0001-01-01T00:00:00Z","sharedGroupsCount":0,"sharedUsersCount":0,"icons":{"smallIconUri":"/1035049718174928123/N31b3b529-8ec5-4fce-b750-0d83a2bdeb2a-small.png","mediumIconUri":"/1035049718174928123/N7bfb4aee-d974-49f4-a9c5-c6c3fa42c505-medium.png","largeIconUri":"/1035049718174928123/N160942b6-e470-41a2-81c9-9639660f570c-large.png","wideIconUri":"/1035049718174928123/N4314b79c-f322-4f73-99de-dd6f4c2b1ade-wide.png"},"connectionReferences":{"02e3e01a-7e41-442b-8171-ed2e986db546":{"id":"4c658522-35f1-4f2a-9396-5814e4e1dda7","displayName":"SharePoint","iconUri":"https://connectoricons-prod.azureedge.net/sharepointonline/icon_1.0.1234.1648.png","dataSources":["MEETUP_AI_BUILDER_FORMS_DEV"],"dependencies":[],"dependents":[],"parameterHints":{},"isOnPremiseConnection":false,"bypassConsent":false,"dataSets":{"https://powerbimvps.sharepoint.com/":{"dataSources":{"MEETUP_AI_BUILDER_FORMS_DEV":{"tableName":"c4d09110-aabf-41c7-8ba2-66be8dccdd16"}}}},"apiTier":"Standard","isCustomApiConnection":false}},"databaseReferences":{"default.cds":{"databaseDetails":{"referenceType":"Environmental","environmentName":"default.cds"},"dataSources":{"43b0dc67-68af-47ae-9a9c-9e69d396ba3e":{"entitySetName":"msdyn_aimodels","logicalName":"msdyn_aimodel"},"18333537-fdd1-4579-907c-955609c15d25":{"entitySetName":"msdyn_aiconfigurations","logicalName":"msdyn_aiconfiguration"},"39a6196f-02b0-4fc1-9715-78a41651bedd":{"entitySetName":"msdyn_aiodlabels","logicalName":"msdyn_aiodlabel"}}}},"almMode":"Solution"},"appComponents":[]}}