{"name":"a1ecc828-081c-4f6f-bfa2-4363a207dc1a","id":"/providers/Microsoft.Flow/flows/a1ecc828-081c-4f6f-bfa2-4363a207dc1a","type":"Microsoft.Flow/flows","properties":{"apiId":"/providers/Microsoft.PowerApps/apis/shared_logicflows","displayName":"GET_PowerApps_Source_Files","definition":{"metadata":{"workflowEntityId":null,"creator":{"id":"ba54537c-ad87-4d22-bbff-882f064a0d90","type":"User","tenantId":"ad901d52-3ec1-472f-bf86-b1866118a7a6"},"provisioningMethod":"FromDefinition","failureAlertSubscription":true,"clientLastModifiedTime":"2020-01-24T05:59:14.4819383Z"},"$schema":"https://schema.management.azure.com/providers/Microsoft.Logic/schemas/2016-06-01/workflowdefinition.json#","contentVersion":"1.0.0.0","parameters":{"$connections":{"defaultValue":{},"type":"Object"},"$authentication":{"defaultValue":{},"type":"SecureObject"}},"triggers":{"EVERY_DAY":{"recurrence":{"frequency":"Day","interval":1,"timeZone":"Pacific Standard Time","startTime":"2020-01-12T15:00:00Z","schedule":{"hours":["3"],"minutes":[0]}},"type":"Recurrence"}},"actions":{"SECRETS":{"runAfter":{"DOCS":["Succeeded"]},"trackedProperties":{"githubAuth":""},"type":"Compose","inputs":"superSecret","description":"See this Action's Tracked Properties"},"DOCS":{"runAfter":{},"type":"Compose","inputs":"Requirements\n- All github repos will be named after the app with each \" \" replaced with a \"-\"\n- Must have a Github account\n- Must create a Github Token\n\nUntested: \n- What happens when an app name changes?\n\nPunchlist:\n- Commiter name and email are hardcoded; should be a variable\n- Commit varLog to README.md or as a Github Issue\n- Update README.md to show app data sources and other relevant info\n- Extend to include Flows?!?\n\nKnown issues:\n- There is no simple way to commit a .zip file to Github\n- OneDrive does not maintain the folder structure within the .zip when its unzipped\n    - Thus, the .zip cannot be imported back into powerapps so the .msapp workaround is in place\n- PowerApps source files are unavailable for ~1min after publishing changes\n- There is a single .jpg file that changes filename with each publish. This causes issues as it should be deleted from the repo when the new one is added.\n- Flow only works on apps that are Published. Save has no effect.\n\nFurther dev:\n- Get a graphical view of Diff emailed/shown in the app!"},"Get_Environment_as_Admin":{"runAfter":{"INIT_varFilename":["Succeeded"]},"metadata":{"flowSystemMetadata":{"swaggerOperationId":"GetSingleEnvironment"}},"type":"ApiConnection","inputs":{"host":{"connection":{"name":"@parameters('$connections')['shared_powerplatformforadmins']['connectionId']"},"api":{"runtimeUrl":"https://unitedstates-002.azure-apim.net/apim/powerplatformforadmins"}},"method":"get","path":"/environments/@{encodeURIComponent('2fd47a01-9030-4162-ba32-3428fa8c50e8')}","queries":{"api-version":"2018-10-01"},"authentication":"@parameters('$authentication')"}},"GET_all_apps_in_env":{"runAfter":{"Get_Environment_as_Admin":["Succeeded"]},"metadata":{"flowSystemMetadata":{"swaggerOperationId":"Get-AdminApps"}},"type":"ApiConnection","inputs":{"host":{"connection":{"name":"@parameters('$connections')['shared_powerappsforadmins']['connectionId']"},"api":{"runtimeUrl":"https://unitedstates-002.azure-apim.net/apim/powerappsforadmins"}},"method":"get","path":"/providers/Microsoft.PowerApps/scopes/admin/environments/@{encodeURIComponent(body('Get_Environment_as_Admin')?['name'])}/apps","queries":{"api-version":"2016-11-01","$top":250},"authentication":"@parameters('$authentication')"}},"FOR_EACH_app":{"foreach":"@body('GET_all_apps_in_env')?['value']","actions":{"GET_github_repo_for_app":{"runAfter":{"SET_varRepoName":["Succeeded"]},"type":"Http","inputs":{"method":"GET","uri":"https://api.github.com/repos/SeaDude/@{outputs('SET_varRepoName')}","headers":{"Authorization":"Bearer @{actions('SECRETS')?['trackedProperties']?['githubAuth']}"}}},"SWITCH_on_status_code":{"runAfter":{"GET_github_repo_for_app":["Succeeded","Failed"]},"cases":{"STATUS_CODE_200":{"case":200,"actions":{"GET_last_release_tag":{"runAfter":{},"type":"Http","inputs":{"method":"GET","uri":"https://api.github.com/repos/SeaDude/@{outputs('SET_varRepoName')}/tags","headers":{"Authorization":"Bearer @{actions('SECRETS')?['trackedProperties']?['githubAuth']}"}},"description":"https://developer.github.com/v3/repos/#list-tags"},"IF_appVersion_equals_releaseVersion":{"actions":{"APPEND_to_log":{"runAfter":{},"type":"AppendToStringVariable","inputs":{"name":"varLog","value":"#### Sync job run at: @{utcNow()}\n- **App: @{replace(items('FOR_EACH_app')?['properties']?['displayName'], ' ', '-')}**\n- Status: No update needed\n- PowerApps appVersion:  @{replace(replace(items('FOR_EACH_app')['properties']['appVersion'],'-',''),':','')}\n- Gihub releaseVersion:  @{body('GET_last_release_tag')[0]['name']} "}}},"runAfter":{"DEBUG_compare_versions":["Succeeded"]},"else":{"actions":{"GET_source_files_2":{"runAfter":{"SELECT_EACH_filename_and_sha":["Succeeded"]},"type":"Http","inputs":{"method":"GET","uri":"@items('FOR_EACH_app')?['properties']?['appUris']?['documentUri']?['readonlyValue']"}},"UNZIP_source_files_2":{"runAfter":{"CREATE_MSAPP_file_in_OneDrive":["Succeeded"]},"metadata":{"flowSystemMetadata":{"swaggerOperationId":"ExtractFolderV2"}},"type":"ApiConnection","inputs":{"host":{"connection":{"name":"@parameters('$connections')['shared_onedriveforbusiness']['connectionId']"},"api":{"runtimeUrl":"https://unitedstates-002.azure-apim.net/apim/onedriveforbusiness"}},"method":"post","path":"/datasets/default/extractFolderV2","queries":{"source":"@body('CREATE_ZIP_file_in_OneDrive')?['Path']","destination":"/backups/@{outputs('SET_varRepoName')}","overwrite":true},"authentication":"@parameters('$authentication')"}},"FOR_EACH_source_file_2":{"foreach":"@body('UNZIP_source_files_2')","actions":{"CONVERT_file_to_base64_2":{"runAfter":{"GET_file_content_2":["Succeeded"]},"type":"Compose","inputs":"@base64(body('GET_file_content_2'))"},"FILTER_ARRAY_of_github_files":{"runAfter":{"DEBUG_filename":["Succeeded"]},"type":"Query","inputs":{"from":"@body('SELECT_EACH_filename_and_sha')","where":"@equals(item()?['filename'], variables('varFilename'))"}},"IF_NEW_file":{"actions":{"PUT_CREATE_file_in_repo":{"runAfter":{},"type":"Http","inputs":{"method":"PUT","uri":"https://api.github.com/repos/SeaDude/@{outputs('SET_varRepoName')}/contents/@{variables('varFilename')}","headers":{"Content-Type":"application/x-www-form-urlencoded","Authorization":"Bearer @{actions('SECRETS')['trackedProperties']['githubAuth']}"},"body":{"message":"@{replace(replace(items('FOR_EACH_app')['properties']['appVersion'],'-',''),':','')}","committer":{"name":"Eric","email":"info@powerapps.rocks"},"content":"@{outputs('CONVERT_file_to_base64_2')}"}},"description":"https://developer.github.com/v3/repos/contents/#example-for-creating-a-file"}},"runAfter":{"FILTER_ARRAY_of_github_files":["Succeeded"]},"else":{"actions":{"PUT_UPDATE_file_in_repo":{"runAfter":{},"type":"Http","inputs":{"method":"PUT","uri":"https://api.github.com/repos/SeaDude/@{outputs('SET_varRepoName')}/contents/@{variables('varFilename')}","headers":{"Content-Type":"application/x-www-form-urlencoded","Authorization":"Bearer @{actions('SECRETS')['trackedProperties']['githubAuth']}"},"body":{"message":"@{replace(replace(items('FOR_EACH_app')['properties']['appVersion'],'-',''),':','')}","committer":{"name":"Eric","email":"info@powerapps.rocks"},"content":"@{outputs('CONVERT_file_to_base64_2')}","sha":"@body('FILTER_ARRAY_of_github_files')[0]?['sha']"}},"description":"https://developer.github.com/v3/repos/contents/#example-for-updating-a-file"}}},"expression":{"equals":["@empty(body('FILTER_ARRAY_of_github_files'))",true]},"type":"If"},"DEBUG_filename":{"runAfter":{"CONVERT_file_to_base64_2":["Succeeded"]},"type":"Compose","inputs":"@items('FOR_EACH_source_file_2')?['Name']"},"IF_FILENAME_starts_with_underscore_2":{"actions":{"REMOVE_the_first_character_2":{"runAfter":{},"type":"Compose","inputs":"@substring(items('FOR_EACH_source_file_2')['Name'], 1, add(length(items('FOR_EACH_source_file_2')['Name']), -1))"},"REPLACE_underscores_with_slashes_4":{"runAfter":{"REMOVE_the_first_character_2":["Succeeded"]},"type":"Compose","inputs":"@replace(outputs('REMOVE_the_first_character_2'), '_', '/')"},"SET_varFilename_4":{"runAfter":{"REPLACE_underscores_with_slashes_4":["Succeeded"]},"type":"SetVariable","inputs":{"name":"varFilename","value":"@{outputs('REPLACE_underscores_with_slashes_4')}"}}},"runAfter":{},"else":{"actions":{"REPLACE_underscores_with_slashes_3":{"runAfter":{},"type":"Compose","inputs":"@replace(items('FOR_EACH_source_file_2')['Name'], '_', '/')"},"SET_varFilename_3":{"runAfter":{"REPLACE_underscores_with_slashes_3":["Succeeded"]},"type":"SetVariable","inputs":{"name":"varFilename","value":"@{outputs('REPLACE_underscores_with_slashes_3')}"}}}},"expression":{"startsWith":["@items('FOR_EACH_source_file_2')?['Name']","_"]},"type":"If"},"GET_file_content_2":{"runAfter":{"IF_FILENAME_starts_with_underscore_2":["Succeeded"]},"metadata":{"flowSystemMetadata":{"swaggerOperationId":"GetFileContentByPath"}},"type":"ApiConnection","inputs":{"host":{"connection":{"name":"@parameters('$connections')['shared_onedriveforbusiness']['connectionId']"},"api":{"runtimeUrl":"https://unitedstates-002.azure-apim.net/apim/onedriveforbusiness"}},"method":"get","path":"/datasets/default/GetFileContentByPath","queries":{"path":"@{items('FOR_EACH_source_file_2')?['Path']}","inferContentType":true},"authentication":"@parameters('$authentication')"}}},"runAfter":{"LIST_FILES_in_OneDrive_folder":["Succeeded","Failed"]},"type":"Foreach"},"POST_add_release_tag_2":{"runAfter":{"PUT_UPDATE_MSAPP_file_in_repo":["Succeeded"]},"type":"Http","inputs":{"method":"POST","uri":"https://api.github.com/repos/SeaDude/@{replace(items('FOR_EACH_app')?['properties']?['DisplayName'],' ','-')}/releases","headers":{"Authorization":"Bearer @{actions('SECRETS')['trackedProperties']['githubAuth']}","Accept":"application/vnd.github.manifold-preview"},"body":{"tag_name":"@{replace(replace(items('FOR_EACH_app')['properties']['appVersion'],'-',''),':','')}","target_commitish":"master","name":"@{replace(replace(items('FOR_EACH_app')['properties']['appVersion'],'-',''),':','')}","body":"LATEST RELEASE","draft":false,"prerelease":false}},"description":"https://developer.github.com/v3/repos/releases/#create-a-release"},"GET_branch":{"runAfter":{},"type":"Http","inputs":{"method":"GET","uri":"https://api.github.com/repos/Seadude/@{outputs('SET_varRepoName')}/branches/master","headers":{"Authorization":"Bearer @{actions('SECRETS')['trackedProperties']['githubAuth']}"}}},"GET_tree_shas_recursively":{"runAfter":{"GET_branch":["Succeeded"]},"type":"Http","inputs":{"method":"GET","uri":"https://api.github.com/repos/Seadude/@{outputs('SET_varRepoName')}/git/trees/@{body('GET_branch')?['commit']?['commit']?['tree']?['sha']}?recursive=1","headers":{"Authorization":"Bearer @{actions('SECRETS')['trackedProperties']['githubAuth']}"}}},"SELECT_EACH_filename_and_sha":{"runAfter":{"GET_tree_shas_recursively":["Succeeded"]},"type":"Select","inputs":{"from":"@body('GET_tree_shas_recursively')?['tree']","select":{"filename":"@item()?['path']","sha":"@item()?['sha']"}}},"CREATE_ZIP_file_in_OneDrive":{"runAfter":{"GET_source_files_2":["Succeeded"]},"metadata":{"flowSystemMetadata":{"swaggerOperationId":"CreateFile"}},"type":"ApiConnection","inputs":{"host":{"connection":{"name":"@parameters('$connections')['shared_onedriveforbusiness']['connectionId']"},"api":{"runtimeUrl":"https://unitedstates-002.azure-apim.net/apim/onedriveforbusiness"}},"method":"post","body":"@body('GET_source_files_2')","path":"/datasets/default/files","queries":{"folderPath":"/backups/@{outputs('SET_varRepoName')}","name":"@{outputs('SET_varRepoName')}_@{replace(replace(items('FOR_EACH_app')['properties']['appVersion'],'-',''),':','')}.zip"},"authentication":"@parameters('$authentication')"},"runtimeConfiguration":{"contentTransfer":{"transferMode":"Chunked"}}},"CREATE_MSAPP_file_in_OneDrive":{"runAfter":{"CREATE_ZIP_file_in_OneDrive":["Succeeded"]},"metadata":{"flowSystemMetadata":{"swaggerOperationId":"CreateFile"}},"type":"ApiConnection","inputs":{"host":{"connection":{"name":"@parameters('$connections')['shared_onedriveforbusiness']['connectionId']"},"api":{"runtimeUrl":"https://unitedstates-002.azure-apim.net/apim/onedriveforbusiness"}},"method":"post","body":"@body('GET_source_files_2')","path":"/datasets/default/files","queries":{"folderPath":"/backups/@{outputs('SET_varRepoName')}","name":"latest.msapp"},"authentication":"@parameters('$authentication')"},"runtimeConfiguration":{"contentTransfer":{"transferMode":"Chunked"}}},"LIST_FILES_in_OneDrive_folder":{"runAfter":{"UNZIP_source_files_2":["Succeeded"]},"metadata":{"flowSystemMetadata":{"swaggerOperationId":"ListFolderV2"}},"type":"ApiConnection","inputs":{"host":{"connection":{"name":"@parameters('$connections')['shared_onedriveforbusiness']['connectionId']"},"api":{"runtimeUrl":"https://unitedstates-002.azure-apim.net/apim/onedriveforbusiness"}},"method":"get","path":"/datasets/default/foldersV2/@{encodeURIComponent(encodeURIComponent('/backups/',outputs('SET_varRepoName')))}","queries":{"skipToken":"","top":20},"authentication":"@parameters('$authentication')"},"description":"https://powerusers.microsoft.com/t5/General-Power-Automate/BUG-OneDrive-for-Business-List-Files/m-p/451700#M44933"},"FILTER_ARRAY_of_github_files_2":{"runAfter":{"FOR_EACH_source_file_2":["Succeeded"]},"type":"Query","inputs":{"from":"@body('SELECT_EACH_filename_and_sha')","where":"@equals(item()?['filename'], body('CREATE_MSAPP_file_in_OneDrive')?['Name'])"}},"GET_MSAPP_file_content":{"runAfter":{"FILTER_ARRAY_of_github_files_2":["Succeeded"]},"metadata":{"flowSystemMetadata":{"swaggerOperationId":"GetFileContentByPath"}},"type":"ApiConnection","inputs":{"host":{"connection":{"name":"@parameters('$connections')['shared_onedriveforbusiness']['connectionId']"},"api":{"runtimeUrl":"https://unitedstates-002.azure-apim.net/apim/onedriveforbusiness"}},"method":"get","path":"/datasets/default/GetFileContentByPath","queries":{"path":"@body('CREATE_MSAPP_file_in_OneDrive')?['Path']","inferContentType":true},"authentication":"@parameters('$authentication')"}},"CONVERT_file_to_base64_3":{"runAfter":{"GET_MSAPP_file_content":["Succeeded"]},"type":"Compose","inputs":"@base64(body('GET_MSAPP_file_content'))"},"PUT_UPDATE_MSAPP_file_in_repo":{"runAfter":{"CONVERT_file_to_base64_3":["Succeeded"]},"type":"Http","inputs":{"method":"PUT","uri":"https://api.github.com/repos/SeaDude/@{outputs('SET_varRepoName')}/contents/@{body('CREATE_MSAPP_file_in_OneDrive')?['Name']}","headers":{"Content-Type":"application/x-www-form-urlencoded","Authorization":"Bearer @{actions('SECRETS')['trackedProperties']['githubAuth']}"},"body":{"message":"@{replace(replace(items('FOR_EACH_app')['properties']['appVersion'], '-', ''), ':', '')}","committer":{"name":"Eric","email":"info@powerapps.rocks"},"content":"@{outputs('CONVERT_file_to_base64_3')}","sha":"@body('FILTER_ARRAY_of_github_files_2')[0]?['sha']"}},"description":"https://developer.github.com/v3/repos/contents/#example-for-updating-a-file"}}},"expression":{"equals":["@replace(replace(items('FOR_EACH_app')['properties']['appVersion'],'-',''),':','')","@body('GET_last_release_tag')[0]['name']"]},"type":"If"},"DEBUG_compare_versions":{"runAfter":{"GET_last_release_tag":["Succeeded"]},"type":"Compose","inputs":"PowerApps appVersion: @{replace(replace(items('FOR_EACH_app')['properties']['appVersion'],'-',''),':','')}\nGithub releaseVersion:  @{body('GET_last_release_tag')[0]['name']}"}}},"STATUS_CODE_404":{"case":404,"actions":{"POST_create_repo":{"runAfter":{},"type":"Http","inputs":{"method":"POST","uri":"https://api.github.com/user/repos","headers":{"Authorization":"Bearer @{actions('SECRETS')?['trackedProperties']?['githubAuth']}"},"body":{"name":"@{replace(items('FOR_EACH_app')?['properties']?['displayName'], ' ', '-')}","description":"This repository holds the low-code source for the @{items('FOR_EACH_app')?['properties']?['displayName']} application.","homepage":"@{concat(items('FOR_EACH_app')?['properties']?['appOpenUri'],'&hidenavbar=true')}","private":true,"has_issues":true,"has_projects":false,"has_wiki":false,"auto_init":true}}},"GET_source_files":{"runAfter":{"POST_create_repo":["Succeeded"]},"type":"Http","inputs":{"method":"GET","uri":"@items('FOR_EACH_app')?['properties']?['appUris']?['documentUri']?['readonlyValue']"}},"CREATE_ZIP_file_in_OneDrive_2":{"runAfter":{"GET_source_files":["Succeeded"]},"metadata":{"flowSystemMetadata":{"swaggerOperationId":"CreateFile"}},"type":"ApiConnection","inputs":{"host":{"connection":{"name":"@parameters('$connections')['shared_onedriveforbusiness']['connectionId']"},"api":{"runtimeUrl":"https://unitedstates-002.azure-apim.net/apim/onedriveforbusiness"}},"method":"post","body":"@body('GET_source_files')","path":"/datasets/default/files","queries":{"folderPath":"/backups/@{outputs('SET_varRepoName')}","name":"@{outputs('SET_varRepoName')}_@{replace(replace(items('FOR_EACH_app')['properties']['appVersion'],'-',''),':','')}.zip"},"authentication":"@parameters('$authentication')"},"runtimeConfiguration":{"contentTransfer":{"transferMode":"Chunked"}}},"UNZIP_source_files":{"runAfter":{"CREATE_MSAPP_file_in_OneDrive_2":["Succeeded"]},"metadata":{"flowSystemMetadata":{"swaggerOperationId":"ExtractFolderV2"}},"type":"ApiConnection","inputs":{"host":{"connection":{"name":"@parameters('$connections')['shared_onedriveforbusiness']['connectionId']"},"api":{"runtimeUrl":"https://unitedstates-002.azure-apim.net/apim/onedriveforbusiness"}},"method":"post","path":"/datasets/default/extractFolderV2","queries":{"source":"@body('CREATE_ZIP_file_in_OneDrive_2')?['Path']","destination":"/backups/@{outputs('SET_varRepoName')}","overwrite":true},"authentication":"@parameters('$authentication')"}},"FOR_EACH_source_file":{"foreach":"@body('UNZIP_source_files')","actions":{"GET_file_content":{"runAfter":{"IF_FILENAME_starts_with_underscore":["Succeeded"]},"metadata":{"flowSystemMetadata":{"swaggerOperationId":"GetFileContentByPath"}},"type":"ApiConnection","inputs":{"host":{"connection":{"name":"@parameters('$connections')['shared_onedriveforbusiness']['connectionId']"},"api":{"runtimeUrl":"https://unitedstates-002.azure-apim.net/apim/onedriveforbusiness"}},"method":"get","path":"/datasets/default/GetFileContentByPath","queries":{"path":"@items('FOR_EACH_source_file')?['Path']","inferContentType":true},"authentication":"@parameters('$authentication')"}},"PUT_commit_each_file_to_Github":{"runAfter":{"CONVERT_file_to_base64":["Succeeded"]},"type":"Http","inputs":{"method":"PUT","uri":"https://api.github.com/repos/SeaDude/@{body('POST_create_repo')['name']}/contents/@{variables('varFilename')}","headers":{"Content-Type":"application/x-www-form-urlencoded","Authorization":"Bearer @{actions('SECRETS')?['trackedProperties']?['githubAuth']}"},"body":{"message":"Initial commit","committer":{"name":"Eric","email":"info@powerapps.rocks"},"content":"@{outputs('CONVERT_file_to_base64')}"}},"description":"https://developer.github.com/v3/repos/contents/#example-for-creating-a-file"},"CONVERT_file_to_base64":{"runAfter":{"GET_file_content":["Succeeded"]},"type":"Compose","inputs":"@base64(body('GET_file_content'))"},"IF_FILENAME_starts_with_underscore":{"actions":{"REMOVE_the_first_character":{"runAfter":{},"type":"Compose","inputs":"@substring(items('FOR_EACH_source_file')['Name'], 1, add(length(items('FOR_EACH_source_file')['Name']), -1))"},"REPLACE_underscores_with_slashes":{"runAfter":{"REMOVE_the_first_character":["Succeeded"]},"type":"Compose","inputs":"@replace(outputs('REMOVE_the_first_character'), '_', '/')"},"SET_varFilename":{"runAfter":{"REPLACE_underscores_with_slashes":["Succeeded"]},"type":"SetVariable","inputs":{"name":"varFilename","value":"@{outputs('REPLACE_underscores_with_slashes')}"}}},"runAfter":{},"else":{"actions":{"REPLACE_underscores_with_slashes_2":{"runAfter":{},"type":"Compose","inputs":"@replace(items('FOR_EACH_source_file')['Name'], '_', '/')"},"SET_varFilename_2":{"runAfter":{"REPLACE_underscores_with_slashes_2":["Succeeded"]},"type":"SetVariable","inputs":{"name":"varFilename","value":"@{outputs('REPLACE_underscores_with_slashes_2')}"}}}},"expression":{"startsWith":["@items('FOR_EACH_source_file')['Name']","_"]},"type":"If"}},"runAfter":{"LIST_FILES_in_OneDrive_folder_2":["Succeeded","Failed"]},"type":"Foreach"},"POST_add_release_tag":{"runAfter":{"PUT_commit_msapp_file_to_Github":["Succeeded"]},"type":"Http","inputs":{"method":"POST","uri":"https://api.github.com/repos/SeaDude/@{body('POST_create_repo')['name']}/releases","headers":{"Authorization":"Bearer @{actions('SECRETS')?['trackedProperties']?['githubAuth']}","Accept":"application/vnd.github.manifold-preview"},"body":{"tag_name":"@{replace(replace(items('FOR_EACH_app')?['properties']?['appVersion'], '-', ''),':','')}","target_commitish":"master","name":"@{replace(replace(items('FOR_EACH_app')?['properties']?['appVersion'], '-', ''),':','')}","body":"LATEST RELEASE","draft":false,"prerelease":false}},"description":"https://developer.github.com/v3/repos/releases/#create-a-release"},"CREATE_MSAPP_file_in_OneDrive_2":{"runAfter":{"CREATE_ZIP_file_in_OneDrive_2":["Succeeded"]},"metadata":{"flowSystemMetadata":{"swaggerOperationId":"CreateFile"}},"type":"ApiConnection","inputs":{"host":{"connection":{"name":"@parameters('$connections')['shared_onedriveforbusiness']['connectionId']"},"api":{"runtimeUrl":"https://unitedstates-002.azure-apim.net/apim/onedriveforbusiness"}},"method":"post","body":"@body('GET_source_files')","path":"/datasets/default/files","queries":{"folderPath":"/backups/@{outputs('SET_varRepoName')}","name":"latest.msapp"},"authentication":"@parameters('$authentication')"},"runtimeConfiguration":{"contentTransfer":{"transferMode":"Chunked"}}},"LIST_FILES_in_OneDrive_folder_2":{"runAfter":{"UNZIP_source_files":["Succeeded"]},"metadata":{"flowSystemMetadata":{"swaggerOperationId":"ListFolderV2"}},"type":"ApiConnection","inputs":{"host":{"connection":{"name":"@parameters('$connections')['shared_onedriveforbusiness']['connectionId']"},"api":{"runtimeUrl":"https://unitedstates-002.azure-apim.net/apim/onedriveforbusiness"}},"method":"get","path":"/datasets/default/foldersV2/@{encodeURIComponent(encodeURIComponent('/backups/',outputs('SET_varRepoName')))}","queries":{"skipToken":"","top":20},"authentication":"@parameters('$authentication')"}},"PUT_commit_msapp_file_to_Github":{"runAfter":{"CONVERT_msapp_file_to_base64":["Succeeded"]},"type":"Http","inputs":{"method":"PUT","uri":"https://api.github.com/repos/SeaDude/@{body('POST_create_repo')['name']}/contents/@{body('CREATE_MSAPP_file_in_OneDrive_2')?['Name']}","headers":{"Content-Type":"application/x-www-form-urlencoded","Authorization":"Bearer @{actions('SECRETS')?['trackedProperties']?['githubAuth']}"},"body":{"message":"Initial commit","committer":{"name":"Eric","email":"info@powerapps.rocks"},"content":"@{outputs('CONVERT_msapp_file_to_base64')}"}}},"GET_MSAPP_file_content_2":{"runAfter":{"FOR_EACH_source_file":["Succeeded"]},"metadata":{"flowSystemMetadata":{"swaggerOperationId":"GetFileContentByPath"}},"type":"ApiConnection","inputs":{"host":{"connection":{"name":"@parameters('$connections')['shared_onedriveforbusiness']['connectionId']"},"api":{"runtimeUrl":"https://unitedstates-002.azure-apim.net/apim/onedriveforbusiness"}},"method":"get","path":"/datasets/default/GetFileContentByPath","queries":{"path":"@body('CREATE_MSAPP_file_in_OneDrive_2')?['Path']","inferContentType":true},"authentication":"@parameters('$authentication')"}},"CONVERT_msapp_file_to_base64":{"runAfter":{"GET_MSAPP_file_content_2":["Succeeded"]},"type":"Compose","inputs":"@base64(body('GET_MSAPP_file_content_2'))"}}}},"default":{"actions":{}},"expression":"@outputs('GET_github_repo_for_app')['statusCode']","type":"Switch"},"SET_varRepoName":{"runAfter":{},"type":"Compose","inputs":"@replace(items('FOR_EACH_app')?['properties']?['DisplayName'],' ','-')"}},"runAfter":{"GET_all_apps_in_env":["Succeeded"]},"type":"Foreach"},"INIT_varLog":{"runAfter":{"SECRETS":["Succeeded"]},"type":"InitializeVariable","inputs":{"variables":[{"name":"varLog","type":"String"}]}},"INIT_varFilename":{"runAfter":{"INIT_varLog":["Succeeded"]},"type":"InitializeVariable","inputs":{"variables":[{"name":"varFilename","type":"String"}]}}}},"connectionReferences":{"shared_powerplatformforadmins":{"connectionName":"14cff0a9f13f4a7c9325ef47f4c8afcd","source":"Embedded","id":"/providers/Microsoft.PowerApps/apis/shared_powerplatformforadmins","tier":"NotSpecified"},"shared_powerappsforadmins":{"connectionName":"3049b13e89b04bb383d4ed1fd5010ceb","source":"Embedded","id":"/providers/Microsoft.PowerApps/apis/shared_powerappsforadmins","tier":"NotSpecified"},"shared_onedriveforbusiness":{"connectionName":"adda0d3e8df8409eba18e332f864595a","source":"Embedded","id":"/providers/Microsoft.PowerApps/apis/shared_onedriveforbusiness","tier":"NotSpecified"}},"flowFailureAlertSubscribed":false}}